{"coverage": 61.07382550335571, "raw_data": {"meta": {"format": 3, "version": "7.8.1", "timestamp": "2025-06-02T01:05:16.966557", "branch_coverage": true, "show_contexts": false}, "files": {"src/__init__.py": {"executed_lines": [], "summary": {"covered_lines": 0, "num_statements": 0, "percent_covered": 100.0, "percent_covered_display": "100", "missing_lines": 0, "excluded_lines": 0, "num_branches": 0, "num_partial_branches": 0, "covered_branches": 0, "missing_branches": 0}, "missing_lines": [], "excluded_lines": [], "executed_branches": [], "missing_branches": [], "functions": {"": {"executed_lines": [], "summary": {"covered_lines": 0, "num_statements": 0, "percent_covered": 100.0, "percent_covered_display": "100", "missing_lines": 0, "excluded_lines": 0, "num_branches": 0, "num_partial_branches": 0, "covered_branches": 0, "missing_branches": 0}, "missing_lines": [], "excluded_lines": [], "executed_branches": [], "missing_branches": []}}, "classes": {"": {"executed_lines": [], "summary": {"covered_lines": 0, "num_statements": 0, "percent_covered": 100.0, "percent_covered_display": "100", "missing_lines": 0, "excluded_lines": 0, "num_branches": 0, "num_partial_branches": 0, "covered_branches": 0, "missing_branches": 0}, "missing_lines": [], "excluded_lines": [], "executed_branches": [], "missing_branches": []}}}, "src/main.py": {"executed_lines": [1, 2, 3, 4, 5, 7, 8, 9, 10, 12, 13, 14, 17, 18, 20, 21, 24, 25, 27, 28, 29, 30, 31, 34, 35, 38, 127, 129, 130, 131, 135, 137, 138, 141, 142, 145, 148, 150, 151, 154, 157, 159, 160, 161, 166, 168, 171, 175, 177, 179, 183, 185, 186, 189, 192, 195, 197, 207, 209, 210, 213, 214, 215, 217, 218, 219, 220, 224, 227, 229, 230, 233, 234, 238, 241, 242, 244, 247, 249, 252, 253, 256, 259, 261, 262, 264, 265, 266, 267, 270, 271, 272, 274, 276, 279, 282, 285, 286, 289, 291, 294, 296, 297, 298, 301, 302, 306, 309, 310, 311, 314, 316, 319, 320, 321, 322, 324, 327, 329, 330, 332, 334, 335, 338, 340, 344, 347, 357, 358, 360, 361, 362, 363, 365, 366, 367, 368, 370, 371, 373, 374, 375, 376, 377, 379, 380, 381, 382, 388, 393, 416], "summary": {"covered_lines": 144, "num_statements": 228, "percent_covered": 61.07382550335571, "percent_covered_display": "61", "missing_lines": 84, "excluded_lines": 9, "num_branches": 70, "num_partial_branches": 18, "covered_branches": 38, "missing_branches": 32}, "missing_lines": [40, 42, 43, 44, 46, 48, 49, 51, 55, 56, 58, 60, 61, 62, 64, 66, 68, 71, 74, 76, 85, 86, 88, 91, 92, 95, 96, 97, 105, 108, 109, 110, 114, 124, 132, 139, 143, 162, 163, 169, 172, 180, 190, 198, 199, 200, 201, 202, 203, 204, 211, 221, 222, 231, 235, 250, 254, 268, 303, 341, 342, 348, 349, 350, 351, 352, 353, 354, 384, 385, 389, 390, 395, 396, 397, 401, 403, 405, 407, 408, 410, 411, 413, 417], "excluded_lines": [13, 52, 57, 63, 87, 111, 371, 377, 386], "executed_branches": [[130, 131], [138, 141], [142, 145], [168, 171], [171, 175], [179, 183], [189, 192], [197, -195], [210, 213], [214, 215], [214, 224], [218, 214], [218, 219], [230, 233], [234, 238], [249, 252], [253, 256], [265, 266], [265, 276], [267, 270], [271, 272], [285, 286], [285, 289], [297, 298], [297, 301], [302, 306], [309, 310], [309, 319], [320, 321], [320, 324], [340, 344], [366, 367], [366, 370], [373, -360], [373, 374], [379, 373], [379, 380], [416, -1]], "missing_branches": [[46, 48], [46, 108], [55, 56], [55, 60], [60, 61], [60, 66], [95, 46], [95, 96], [130, 132], [138, 139], [142, 143], [168, 169], [171, 172], [179, 180], [189, 190], [197, 198], [199, 200], [199, 201], [201, 202], [201, 203], [210, 211], [230, 231], [234, 235], [249, 250], [253, 254], [267, 268], [271, 274], [302, 303], [340, 341], [389, -388], [389, 390], [416, 417]], "functions": {"_scroll_and_load_listings": {"executed_lines": [], "summary": {"covered_lines": 0, "num_statements": 34, "percent_covered": 0.0, "percent_covered_display": "0", "missing_lines": 34, "excluded_lines": 5, "num_branches": 8, "num_partial_branches": 0, "covered_branches": 0, "missing_branches": 8}, "missing_lines": [40, 42, 43, 44, 46, 48, 49, 51, 55, 56, 58, 60, 61, 62, 64, 66, 68, 71, 74, 76, 85, 86, 88, 91, 92, 95, 96, 97, 105, 108, 109, 110, 114, 124], "excluded_lines": [52, 57, 63, 87, 111], "executed_branches": [], "missing_branches": [[46, 48], [46, 108], [55, 56], [55, 60], [60, 61], [60, 66], [95, 46], [95, 96]]}, "_parse_address": {"executed_lines": [129, 130, 131], "summary": {"covered_lines": 3, "num_statements": 4, "percent_covered": 66.66666666666667, "percent_covered_display": "67", "missing_lines": 1, "excluded_lines": 0, "num_branches": 2, "num_partial_branches": 1, "covered_branches": 1, "missing_branches": 1}, "missing_lines": [132], "excluded_lines": [], "executed_branches": [[130, 131]], "missing_branches": [[130, 132]]}, "_parse_main_link": {"executed_lines": [137, 138, 141, 142, 145], "summary": {"covered_lines": 5, "num_statements": 7, "percent_covered": 63.63636363636363, "percent_covered_display": "64", "missing_lines": 2, "excluded_lines": 0, "num_branches": 4, "num_partial_branches": 2, "covered_branches": 2, "missing_branches": 2}, "missing_lines": [139, 143], "excluded_lines": [], "executed_branches": [[138, 141], [142, 145]], "missing_branches": [[138, 139], [142, 143]]}, "_clean_price_text": {"executed_lines": [150, 151], "summary": {"covered_lines": 2, "num_statements": 2, "percent_covered": 100.0, "percent_covered_display": "100", "missing_lines": 0, "excluded_lines": 0, "num_branches": 0, "num_partial_branches": 0, "covered_branches": 0, "missing_branches": 0}, "missing_lines": [], "excluded_lines": [], "executed_branches": [], "missing_branches": []}, "_extract_numeric_price": {"executed_lines": [157, 159, 160, 161], "summary": {"covered_lines": 4, "num_statements": 6, "percent_covered": 66.66666666666667, "percent_covered_display": "67", "missing_lines": 2, "excluded_lines": 0, "num_branches": 0, "num_partial_branches": 0, "covered_branches": 0, "missing_branches": 0}, "missing_lines": [162, 163], "excluded_lines": [], "executed_branches": [], "missing_branches": []}, "_format_price_range": {"executed_lines": [168, 171, 175, 177, 179, 183, 185, 186, 189, 192], "summary": {"covered_lines": 10, "num_statements": 14, "percent_covered": 63.63636363636363, "percent_covered_display": "64", "missing_lines": 4, "excluded_lines": 0, "num_branches": 8, "num_partial_branches": 4, "covered_branches": 4, "missing_branches": 4}, "missing_lines": [169, 172, 180, 190], "excluded_lines": [], "executed_branches": [[168, 171], [171, 175], [179, 183], [189, 192]], "missing_branches": [[168, 169], [171, 172], [179, 180], [189, 190]]}, "_validate_card_basics": {"executed_lines": [197], "summary": {"covered_lines": 1, "num_statements": 8, "percent_covered": 14.285714285714286, "percent_covered_display": "14", "missing_lines": 7, "excluded_lines": 0, "num_branches": 6, "num_partial_branches": 1, "covered_branches": 1, "missing_branches": 5}, "missing_lines": [198, 199, 200, 201, 202, 203, 204], "excluded_lines": [], "executed_branches": [[197, -195]], "missing_branches": [[197, 198], [199, 200], [199, 201], [201, 202], [201, 203]]}, "_extract_available_units_count": {"executed_lines": [209, 210, 213, 214, 215, 217, 218, 219, 220, 224], "summary": {"covered_lines": 10, "num_statements": 13, "percent_covered": 78.94736842105263, "percent_covered_display": "79", "missing_lines": 3, "excluded_lines": 0, "num_branches": 6, "num_partial_branches": 1, "covered_branches": 5, "missing_branches": 1}, "missing_lines": [211, 221, 222], "excluded_lines": [], "executed_branches": [[210, 213], [214, 215], [214, 224], [218, 214], [218, 219]], "missing_branches": [[210, 211]]}, "_extract_main_price": {"executed_lines": [229, 230, 233, 234, 238, 241, 242, 244], "summary": {"covered_lines": 8, "num_statements": 10, "percent_covered": 71.42857142857143, "percent_covered_display": "71", "missing_lines": 2, "excluded_lines": 0, "num_branches": 4, "num_partial_branches": 2, "covered_branches": 2,