{"coverage": 70.86614173228347, "raw_data": {"meta": {"format": 3, "version": "7.8.1", "timestamp": "2025-06-02T00:35:38.262593", "branch_coverage": true, "show_contexts": false}, "files": {"src/__init__.py": {"executed_lines": [], "summary": {"covered_lines": 0, "num_statements": 0, "percent_covered": 100.0, "percent_covered_display": "100", "missing_lines": 0, "excluded_lines": 0, "num_branches": 0, "num_partial_branches": 0, "covered_branches": 0, "missing_branches": 0}, "missing_lines": [], "excluded_lines": [], "executed_branches": [], "missing_branches": [], "functions": {"": {"executed_lines": [], "summary": {"covered_lines": 0, "num_statements": 0, "percent_covered": 100.0, "percent_covered_display": "100", "missing_lines": 0, "excluded_lines": 0, "num_branches": 0, "num_partial_branches": 0, "covered_branches": 0, "missing_branches": 0}, "missing_lines": [], "excluded_lines": [], "executed_branches": [], "missing_branches": []}}, "classes": {"": {"executed_lines": [], "summary": {"covered_lines": 0, "num_statements": 0, "percent_covered": 100.0, "percent_covered_display": "100", "missing_lines": 0, "excluded_lines": 0, "num_branches": 0, "num_partial_branches": 0, "covered_branches": 0, "missing_branches": 0}, "missing_lines": [], "excluded_lines": [], "executed_branches": [], "missing_branches": []}}}, "src/main.py": {"executed_lines": [1, 2, 3, 4, 5, 6, 8, 9, 10, 12, 13, 16, 17, 19, 20, 23, 24, 26, 27, 28, 29, 30, 33, 34, 37, 39, 40, 41, 45, 47, 48, 51, 52, 55, 58, 60, 61, 64, 67, 69, 70, 71, 76, 78, 81, 85, 87, 89, 93, 95, 96, 99, 102, 105, 107, 117, 119, 120, 123, 124, 125, 127, 128, 129, 130, 134, 137, 139, 140, 143, 144, 148, 151, 152, 154, 157, 159, 162, 163, 166, 169, 171, 172, 174, 175, 176, 177, 180, 181, 182, 184, 186, 189, 192, 195, 196, 199, 201, 204, 206, 207, 208, 211, 212, 216, 219, 220, 221, 224, 226, 229, 230, 231, 232, 234, 237, 239, 240, 242, 244, 245, 248, 250, 254, 257, 267, 268, 270, 271, 272, 273, 275, 276, 277, 278, 280, 281, 283, 284, 285, 286, 287, 289, 290, 291, 292, 298, 303, 325], "summary": {"covered_lines": 142, "num_statements": 192, "percent_covered": 70.86614173228347, "percent_covered_display": "71", "missing_lines": 50, "excluded_lines": 4, "num_branches": 62, "num_partial_branches": 18, "covered_branches": 38, "missing_branches": 24}, "missing_lines": [42, 49, 53, 72, 73, 79, 82, 90, 100, 108, 109, 110, 111, 112, 113, 114, 121, 131, 132, 141, 145, 160, 164, 178, 213, 251, 252, 258, 259, 260, 261, 262, 263, 264, 294, 295, 299, 300, 305, 306, 307, 311, 313, 314, 316, 317, 319, 320, 322, 326], "excluded_lines": [12, 281, 287, 296], "executed_branches": [[40, 41], [48, 51], [52, 55], [78, 81], [81, 85], [89, 93], [99, 102], [107, -105], [120, 123], [124, 125], [124, 134], [128, 124], [128, 129], [140, 143], [144, 148], [159, 162], [163, 166], [175, 176], [175, 186], [177, 180], [181, 182], [195, 196], [195, 199], [207, 208], [207, 211], [212, 216], [219, 220], [219, 229], [230, 231], [230, 234], [250, 254], [276, 277], [276, 280], [283, -270], [283, 284], [289, 283], [289, 290], [325, -1]], "missing_branches": [[40, 42], [48, 49], [52, 53], [78, 79], [81, 82], [89, 90], [99, 100], [107, 108], [109, 110], [109, 111], [111, 112], [111, 113], [120, 121], [140, 141], [144, 145], [159, 160], [163, 164], [177, 178], [181, 184], [212, 213], [250, 251], [299, -298], [299, 300], [325, 326]], "functions": {"_parse_address": {"executed_lines": [39, 40, 41], "summary": {"covered_lines": 3, "num_statements": 4, "percent_covered": 66.66666666666667, "percent_covered_display": "67", "missing_lines": 1, "excluded_lines": 0, "num_branches": 2, "num_partial_branches": 1, "covered_branches": 1, "missing_branches": 1}, "missing_lines": [42], "excluded_lines": [], "executed_branches": [[40, 41]], "missing_branches": [[40, 42]]}, "_parse_main_link": {"executed_lines": [47, 48, 51, 52, 55], "summary": {"covered_lines": 5, "num_statements": 7, "percent_covered": 63.63636363636363, "percent_covered_display": "64", "missing_lines": 2, "excluded_lines": 0, "num_branches": 4, "num_partial_branches": 2, "covered_branches": 2, "missing_branches": 2}, "missing_lines": [49, 53], "excluded_lines": [], "executed_branches": [[48, 51], [52, 55]], "missing_branches": [[48, 49], [52, 53]]}, "_clean_price_text": {"executed_lines": [60, 61], "summary": {"covered_lines": 2, "num_statements": 2, "percent_covered": 100.0, "percent_covered_display": "100", "missing_lines": 0, "excluded_lines": 0, "num_branches": 0, "num_partial_branches": 0, "covered_branches": 0, "missing_branches": 0}, "missing_lines": [], "excluded_lines": [], "executed_branches": [], "missing_branches": []}, "_extract_numeric_price": {"executed_lines": [67, 69, 70, 71], "summary": {"covered_lines": 4, "num_statements": 6, "percent_covered": 66.66666666666667, "percent_covered_display": "67", "missing_lines": 2, "excluded_lines": 0, "num_branches": 0, "num_partial_branches": 0, "covered_branches": 0, "missing_branches": 0}, "missing_lines": [72, 73], "excluded_lines": [], "executed_branches": [], "missing_branches": []}, "_format_price_range": {"executed_lines": [78, 81, 85, 87, 89, 93, 95, 96, 99, 102], "summary": {"covered_lines": 10, "num_statements": 14, "percent_covered": 63.63636363636363, "percent_covered_display": "64", "missing_lines": 4, "excluded_lines": 0, "num_branches": 8, "num_partial_branches": 4, "covered_branches": 4, "missing_branches": 4}, "missing_lines": [79, 82, 90, 100], "excluded_lines": [], "executed_branches": [[78, 81], [81, 85], [89, 93], [99, 102]], "missing_branches": [[78, 79], [81, 82], [89, 90], [99, 100]]}, "_validate_card_basics": {"executed_lines": [107], "summary": {"covered_lines": 1, "num_statements": 8, "percent_covered": 14.285714285714286, "percent_covered_display": "14", "missing_lines": 7, "excluded_lines": 0, "num_branches": 6, "num_partial_branches": 1, "covered_branches": 1, "missing_branches": 5}, "missing_lines": [108, 109, 110, 111, 112, 113, 114], "excluded_lines": [], "executed_branches": [[107, -105]], "missing_branches": [[107, 108], [109, 110], [109, 111], [111, 112], [111, 113]]}, "_extract_available_units_count": {"executed_lines": [119, 120, 123, 124, 125, 127, 128, 129, 130, 134], "summary": {"covered_lines": 10, "num_statements": 13, "percent_covered": 78.94736842105263, "percent_covered_display": "79", "missing_lines": 3, "excluded_lines": 0, "num_branches": 6, "num_partial_branches": 1, "covered_branches": 5, "missing_branches": 1}, "missing_lines": [121, 131, 132], "excluded_lines": [], "executed_branches": [[120, 123], [124, 125], [124, 134], [128, 124], [128, 129]], "missing_branches": [[120, 121]]}, "_extract_main_price": {"executed_lines": [139, 140, 143, 144, 148, 151, 152, 154], "summary": {"covered_lines": 8, "num_statements": 10, "percent_covered": 71.42857142857143, "percent_covered_display": "71", "missing_lines": 2, "excluded_lines": 0, "num_branches": 4, "num_partial_branches": 2, "covered_branches": 2, "missing_branches": 2}, "missing_lines": [141, 145], "excluded_lines": [], "executed_branches": [[140, 143], [144, 148]], "missing_branches": [[140, 141], [144, 145]]}, "_create_specific_link": {"executed_lines": [159, 162, 163, 166], "summary": {"covered_lines": 4, "num_statements": 6, "percent_covered": 60.0, "percent_covered_display": "60", "missing_lines": 2, "excluded_lines": 0, "num_branches": 4, "num_partial_branches": 2, "covered_branches": 2, "missing_branches": 2}, "missing_lines": [160, 164], "excluded_lines": [], "executed_branches": [[159, 162], [163, 166]], "missing_branches": [[159, 160], [163, 164]]}, "_parse_inventory_data": {"executed_lines": [171, 172, 174, 175, 176, 177, 180, 181, 182, 184, 186], "summary": {"covered_lines": 11, "num_statements": 12, "percent_covered": 83.33333333333333, "percent_covered_display": "83", "missing_lines": 1, "excluded_lines": 0, "num_branches": 6, "num_partial_branches": 2, "covered_branches": 4, "missing_branches": 2}, "missing_lines": [178],