{"coverage": 48.611111111111114, "raw_data": {"meta": {"format": 3, "version": "7.8.1", "timestamp": "2025-06-01T18:12:44.306660", "branch_coverage": true, "show_contexts": false}, "files": {"src/__init__.py": {"executed_lines": [], "summary": {"covered_lines": 0, "num_statements": 0, "percent_covered": 100.0, "percent_covered_display": "100", "missing_lines": 0, "excluded_lines": 0, "num_branches": 0, "num_partial_branches": 0, "covered_branches": 0, "missing_branches": 0}, "missing_lines": [], "excluded_lines": [], "executed_branches": [], "missing_branches": [], "functions": {"": {"executed_lines": [], "summary": {"covered_lines": 0, "num_statements": 0, "percent_covered": 100.0, "percent_covered_display": "100", "missing_lines": 0, "excluded_lines": 0, "num_branches": 0, "num_partial_branches": 0, "covered_branches": 0, "missing_branches": 0}, "missing_lines": [], "excluded_lines": [], "executed_branches": [], "missing_branches": []}}, "classes": {"": {"executed_lines": [], "summary": {"covered_lines": 0, "num_statements": 0, "percent_covered": 100.0, "percent_covered_display": "100", "missing_lines": 0, "excluded_lines": 0, "num_branches": 0, "num_partial_branches": 0, "covered_branches": 0, "missing_branches": 0}, "missing_lines": [], "excluded_lines": [], "executed_branches": [], "missing_branches": []}}}, "src/main.py": {"executed_lines": [1, 2, 3, 4, 5, 6, 8, 9, 10, 12, 13, 16, 17, 19, 20, 23, 24, 26, 27, 28, 29, 30, 33, 34, 37, 39, 40, 41, 45, 47, 48, 51, 52, 55, 58, 60, 61, 64, 66, 76, 78, 79, 82, 83, 93, 96, 98, 99, 102, 103, 107, 109, 110, 111, 112, 114, 117, 129, 134, 136, 137, 138, 172, 174, 175, 177, 179, 180, 183, 185, 189, 192, 202, 203, 205, 206, 207, 208, 210, 211, 215, 216, 218, 219, 220, 221, 222, 224, 225, 226, 227, 233, 238, 260], "summary": {"covered_lines": 87, "num_statements": 162, "percent_covered": 48.611111111111114, "percent_covered_display": "49", "missing_lines": 75, "excluded_lines": 4, "num_branches": 54, "num_partial_branches": 12, "covered_branches": 18, "missing_branches": 36}, "missing_lines": [42, 49, 53, 67, 68, 69, 70, 71, 72, 73, 80, 84, 86, 87, 88, 89, 90, 91, 100, 104, 119, 120, 122, 123, 124, 126, 131, 140, 141, 143, 144, 146, 147, 148, 149, 150, 152, 153, 154, 156, 157, 160, 162, 163, 164, 165, 167, 169, 186, 187, 193, 194, 195, 196, 197, 198, 199, 212, 213, 229, 230, 234, 235, 240, 241, 242, 246, 248, 249, 251, 252, 254, 255, 257, 261], "excluded_lines": [12, 216, 222, 231], "executed_branches": [[40, 41], [48, 51], [52, 55], [66, -64], [79, 82], [83, 93], [99, 102], [103, 107], [110, 111], [110, 114], [137, 138], [185, 189], [211, 215], [218, -205], [218, 219], [224, 218], [224, 225], [260, -1]], "missing_branches": [[40, 42], [48, 49], [52, 53], [66, 67], [68, 69], [68, 70], [70, 71], [70, 72], [79, 80], [83, 84], [87, 83], [87, 88], [99, 100], [103, 104], [119, 120], [119, 122], [123, 124], [123, 126], [137, 140], [143, 144], [143, 146], [147, 148], [147, 169], [149, 150], [149, 152], [153, 154], [153, 156], [162, 163], [162, 167], [163, 147], [163, 164], [185, 186], [211, 212], [234, -233], [234, 235], [260, 261]], "functions": {"_parse_address": {"executed_lines": [39, 40, 41], "summary": {"covered_lines": 3, "num_statements": 4, "percent_covered": 66.66666666666667, "percent_covered_display": "67", "missing_lines": 1, "excluded_lines": 0, "num_branches": 2, "num_partial_branches": 1, "covered_branches": 1, "missing_branches": 1}, "missing_lines": [42], "excluded_lines": [], "executed_branches": [[40, 41]], "missing_branches": [[40, 42]]}, "_parse_main_link": {"executed_lines": [47, 48, 51, 52, 55], "summary": {"covered_lines": 5, "num_statements": 7, "percent_covered": 63.63636363636363, "percent_covered_display": "64", "missing_lines": 2, "excluded_lines": 0, "num_branches": 4, "num_partial_branches": 2, "covered_branches": 2, "missing_branches": 2}, "missing_lines": [49, 53], "excluded_lines": [], "executed_branches": [[48, 51], [52, 55]], "missing_branches": [[48, 49], [52, 53]]}, "_clean_price_text": {"executed_lines": [60, 61], "summary": {"covered_lines": 2, "num_statements": 2, "percent_covered": 100.0, "percent_covered_display": "100", "missing_lines": 0, "excluded_lines": 0, "num_branches": 0, "num_partial_branches": 0, "covered_branches": 0, "missing_branches": 0}, "missing_lines": [], "excluded_lines": [], "executed_branches": [], "missing_branches": []}, "_validate_card_basics": {"executed_lines": [66], "summary": {"covered_lines": 1, "num_statements": 8, "percent_covered": 14.285714285714286, "percent_covered_display": "14", "missing_lines": 7, "excluded_lines": 0, "num_branches": 6, "num_partial_branches": 1, "covered_branches": 1, "missing_branches": 5}, "missing_lines": [67, 68, 69, 70, 71, 72, 73], "excluded_lines": [], "executed_branches": [[66, -64]], "missing_branches": [[66, 67], [68, 69], [68, 70], [70, 71], [70, 72]]}, "_extract_available_units_count": {"executed_lines": [78, 79, 82, 83, 93], "summary": {"covered_lines": 5, "num_statements": 13, "percent_covered": 36.8421052631579, "percent_covered_display": "37", "missing_lines": 8, "excluded_lines": 0, "num_branches": 6, "num_partial_branches": 2, "covered_branches": 2, "missing_branches": 4}, "missing_lines": [80, 84, 86, 87, 88, 89, 90, 91], "excluded_lines": [], "executed_branches": [[79, 82], [83, 93]], "missing_branches": [[79, 80], [83, 84], [87, 83], [87, 88]]}, "_extract_main_price": {"executed_lines": [98, 99, 102, 103, 107, 109, 110, 111, 112, 114], "summary": {"covered_lines": 10, "num_statements": 12, "percent_covered": 77.77777777777777, "percent_covered_display": "78", "missing_lines": 2, "excluded_lines": 0, "num_branches": 6, "num_partial_branches": 2, "covered_branches": 4, "missing_branches": 2}, "missing_lines": [100, 104], "excluded_lines": [], "executed_branches": [[99, 102], [103, 107], [110, 111], [110, 114]], "missing_branches": [[99, 100], [103, 104]]}, "_create_specific_link": {"executed_lines": [], "summary": {"covered_lines": 0, "num_statements": 6, "percent_covered": 0.0, "percent_covered_display": "0", "missing_lines": 6, "excluded_lines": 0, "num_branches": 4, "num_partial_branches": 0, "covered_branches": 0, "missing_branches": 4}, "missing_lines": [119, 120, 122, 123, 124, 126], "excluded_lines": [], "executed_branches": [], "missing_branches": [[119, 120], [119, 122], [123, 124], [123, 126]]}, "_create_specific_address": {"executed_lines": [], "summary": {"covered_lines": 0, "num_statements": 1, "percent_covered": 0.0, "percent_covered_display": "0", "missing_lines": 1, "excluded_lines": 0, "num_branches": 0, "num_partial_branches": 0, "covered_branches": 0, "missing_branches": 0}, "missing_lines": [131], "excluded_lines": [], "executed_branches": [], "missing_branches": []}, "_extract_inventory_prices": {"executed_lines": [136, 137, 138], "summary": {"covered_lines": 3, "num_statements": 24, "percent_covered": 10.526315789473685, "percent_covered_display": "11", "missing_lines": 21, "excluded_lines": 0, "num_branches": 14, "num_partial_branches": 1, "covered_branches": 1, "missing_branches": 13}, "missing_lines": [140, 141, 143, 144, 146, 147, 148, 149, 150, 152, 153, 154, 156, 157, 160, 162, 163, 164, 165, 167, 169], "excluded_lines": [], "executed_branches": [[137, 138]], "missing_branches": [[137, 140], [143, 144], [143, 146], [147, 148], [147, 169], [149, 150], [149, 152], [153, 154], [153, 156], [162, 163], [162, 167], [163, 147], [163, 164]]}, "_parse_zillow_card": {"executed_lines": [174, 175, 177, 179, 180, 183, 185, 189], "summary": {"covered_lines": 8, "num_statements": 10, "percent_covered": 75.0, "percent_covered_display": "75", "missing_lines": 2, "excluded_lines": 0, "num_branches": 2, "num_partial_branches": 1, "covered_branches": 1, "missing_branches": 1}, "missing_lines": [186, 187], "excluded_lines": [], "executed_branches": [[185, 189]], "missing_branches": [[185, 186]]}, "_submit_form": {"executed_lines": [], "summary": {"covered_lines": 0, "num_statements": 7,