{"coverage": 84.2948717948718, "raw_data": {"meta": {"format": 3, "version": "7.8.1", "timestamp": "2025-06-02T20:00:25.565659", "branch_coverage": true, "show_contexts": false}, "files": {"src/__init__.py": {"executed_lines": [], "summary": {"covered_lines": 0, "num_statements": 0, "percent_covered": 100.0, "percent_covered_display": "100", "missing_lines": 0, "excluded_lines": 0, "num_branches": 0, "num_partial_branches": 0, "covered_branches": 0, "missing_branches": 0}, "missing_lines": [], "excluded_lines": [], "executed_branches": [], "missing_branches": [], "functions": {"": {"executed_lines": [], "summary": {"covered_lines": 0, "num_statements": 0, "percent_covered": 100.0, "percent_covered_display": "100", "missing_lines": 0, "excluded_lines": 0, "num_branches": 0, "num_partial_branches": 0, "covered_branches": 0, "missing_branches": 0}, "missing_lines": [], "excluded_lines": [], "executed_branches": [], "missing_branches": []}}, "classes": {"": {"executed_lines": [], "summary": {"covered_lines": 0, "num_statements": 0, "percent_covered": 100.0, "percent_covered_display": "100", "missing_lines": 0, "excluded_lines": 0, "num_branches": 0, "num_partial_branches": 0, "covered_branches": 0, "missing_branches": 0}, "missing_lines": [], "excluded_lines": [], "executed_branches": [], "missing_branches": []}}}, "src/main.py": {"executed_lines": [1, 2, 3, 4, 5, 7, 8, 9, 10, 12, 13, 14, 17, 18, 20, 21, 24, 25, 27, 28, 29, 30, 31, 34, 35, 38, 40, 42, 43, 45, 46, 47, 49, 50, 52, 53, 54, 55, 58, 59, 61, 71, 72, 73, 74, 76, 77, 78, 79, 80, 82, 84, 87, 89, 90, 105, 106, 109, 110, 111, 112, 120, 122, 123, 124, 125, 128, 136, 139, 141, 142, 143, 144, 147, 149, 150, 153, 154, 157, 160, 162, 163, 164, 165, 166, 167, 168, 171, 173, 174, 175, 176, 177, 180, 182, 183, 185, 186, 188, 189, 190, 191, 192, 194, 195, 196, 197, 199, 202, 204, 205, 206, 207, 208, 209, 210, 211, 214, 216, 217, 218, 220, 221, 222, 223, 224, 225, 226, 230, 233, 235, 236, 239, 240, 243, 245, 246, 248, 251, 253, 256, 257, 260, 263, 265, 266, 268, 269, 270, 271, 274, 275, 276, 278, 280, 283, 285, 287, 288, 290, 292, 295, 297, 298, 299, 302, 303, 306, 308, 309, 310, 311, 313, 315, 316, 317, 318, 320, 323, 325, 326, 328, 330, 331, 333, 335, 339, 342, 352, 353, 355, 356, 357, 358, 360, 361, 362, 363, 365, 366, 368, 369, 370, 371, 372, 374, 375, 376, 377, 379, 380, 381, 383, 388, 411], "summary": {"covered_lines": 202, "num_statements": 238, "percent_covered": 84.2948717948718, "percent_covered_display": "84", "missing_lines": 36, "excluded_lines": 10, "num_branches": 74, "num_partial_branches": 11, "covered_branches": 61, "missing_branches": 13}, "missing_lines": [99, 100, 102, 151, 155, 227, 228, 237, 241, 254, 258, 272, 304, 336, 337, 343, 344, 345, 346, 347, 348, 349, 384, 385, 390, 391, 392, 396, 398, 400, 402, 403, 405, 406, 408, 412], "excluded_lines": [13, 50, 54, 73, 79, 101, 125, 366, 372, 381], "executed_branches": [[45, 46], [45, 122], [52, 53], [52, 58], [59, 61], [59, 76], [71, 72], [71, 76], [76, 77], [76, 82], [110, 45], [110, 111], [142, 143], [142, 144], [150, 153], [154, 157], [182, 183], [182, 185], [185, 186], [185, 188], [190, 191], [190, 192], [196, 197], [196, 199], [204, -202], [204, 205], [206, 207], [206, 208], [208, 209], [208, 210], [217, 218], [217, 220], [221, 222], [221, 230], [224, 221], [224, 225], [236, 239], [240, 243], [253, 256], [257, 260], [269, 270], [269, 280], [271, 274], [275, 276], [287, 288], [287, 290], [298, 299], [298, 302], [303, 306], [308, 309], [308, 315], [316, 317], [316, 320], [335, 339], [361, 362], [361, 365], [368, -355], [368, 369], [374, 368], [374, 375], [411, -1]], "missing_branches": [[150, 151], [154, 155], [236, 237], [240, 241], [253, 254], [257, 258], [271, 272], [275, 278], [303, 304], [335, 336], [384, -383], [384, 385], [411, 412]], "functions": {"_scroll_and_load_listings": {"executed_lines": [40, 42, 43, 45, 46, 47, 49, 50, 52, 53, 54, 55, 58, 59, 61, 71, 72, 73, 74, 76, 77, 78, 79, 80, 82, 84, 87, 89, 90, 105, 106, 109, 110, 111, 112, 120, 122, 123, 124, 125, 128, 136], "summary": {"covered_lines": 37, "num_statements": 40, "percent_covered": 94.23076923076923, "percent_covered_display": "94", "missing_lines": 3, "excluded_lines": 6, "num_branches": 12, "num_partial_branches": 0, "covered_branches": 12, "missing_branches": 0}, "missing_lines": [99, 100, 102], "excluded_lines": [50, 54, 73, 79, 101, 125], "executed_branches": [[45, 46], [45, 122], [52, 53], [52, 58], [59, 61], [59, 76], [71, 72], [71, 76], [76, 77], [76, 82], [110, 45], [110, 111]], "missing_branches": []}, "_parse_address": {"executed_lines": [141, 142, 143, 144], "summary": {"covered_lines": 4, "num_statements": 4, "percent_covered": 100.0, "percent_covered_display": "100", "missing_lines": 0, "excluded_lines": 0, "num_branches": 2, "num_partial_branches": 0, "covered_branches": 2, "missing_branches": 0}, "missing_lines": [], "excluded_lines": [], "executed_branches": [[142, 143], [142, 144]], "missing_branches": []}, "_parse_main_link": {"executed_lines": [149, 150, 153, 154, 157], "summary": {"covered_lines": 5, "num_statements": 7, "percent_covered": 63.63636363636363, "percent_covered_display": "64", "missing_lines": 2, "excluded_lines": 0, "num_branches": 4, "num_partial_branches": 2, "covered_branches": 2, "missing_branches": 2}, "missing_lines": [151, 155], "excluded_lines": [], "executed_branches": [[150, 153], [154, 157]], "missing_branches": [[150, 151], [154, 155]]}, "_clean_price_text": {"executed_lines": [162, 163, 164, 165, 166, 167, 168], "summary": {"covered_lines": 7, "num_statements": 7, "percent_covered": 100.0, "percent_covered_display": "100", "missing_lines": 0, "excluded_lines": 0, "num_branches": 0, "num_partial_branches": 0, "covered_branches": 0, "missing_branches": 0}, "missing_lines": [], "excluded_lines": [], "executed_branches": [], "missing_branches": []}, "_extract_numeric_price": {"executed_lines": [173, 174, 175, 176, 177], "summary": {"covered_lines": 5, "num_statements": 5, "percent_covered": 100.0, "percent_covered_display": "100", "missing_lines": 0, "excluded_lines": 0, "num_branches": 0, "num_partial_branches": 0, "covered_branches": 0, "missing_branches": 0}, "missing_lines": [], "excluded_lines": [], "executed_branches": [], "missing_branches": []}, "_format_price_range": {"executed_lines": [182, 183, 185, 186, 188, 189, 190, 191, 192, 194, 195, 196, 197, 199], "summary": {"covered_lines": 14, "num_statements": 14, "percent_covered": 100.0, "percent_covered_display": "100", "missing_lines": 0, "excluded_lines": 0, "num_branches": 8, "num_partial_branches": 0, "covered_branches": 8, "missing_branches": 0}, "missing_lines": [], "excluded_lines": [], "executed_branches": [[182, 183], [182, 185], [185, 186], [185, 188], [190, 191], [190, 192], [196, 197], [196, 199]], "missing_branches": []}, "_validate_card_basics": {"executed_lines": [204, 205, 206, 207, 208, 209, 210, 211], "summary": {"covered_lines": 8, "num_statements": 8, "percent_covered": 100.0, "percent_covered_display": "100", "missing_lines": 0, "excluded_lines": 0, "num_branches": 6, "num_partial_branches": 0, "covered_branches": 6, "missing_branches": 0}, "missing_lines": [], "excluded_lines": [], "executed_branches": [[204, -202], [204, 205], [206, 207], [206, 208], [208, 209], [208, 210]], "missing_branches": []}, "_extract_available_units_count": {"executed_lines": [216, 217, 218, 220, 221, 222, 223, 224, 225, 226, 230], "summary": {"covered_lines": 11, "num_statements": 13, "percent_covered": 89.47368421052632, "percent_covered_display": "89", "missing_lines": 2, "excluded_lines": 0, "num_branches": 6, "num_partial_branches": 0, "covered_branches": 6, "missing_branches": 0}, "missing_lines": [227, 228], "excluded_lines": [], "executed_branches": [[217, 218], [217, 220], [221, 222], [221, 230], [224, 221], [224, 225]], "missing_branches": []}, "_extract_main_price": {"executed_lines": [235, 236, 239, 240, 243, 245, 246, 248],