{"coverage": 71.47651006711409, "raw_data": {"meta": {"format": 3, "version": "7.8.1", "timestamp": "2025-06-02T14:12:34.684968", "branch_coverage": true, "show_contexts": false}, "files": {"src/__init__.py": {"executed_lines": [], "summary": {"covered_lines": 0, "num_statements": 0, "percent_covered": 100.0, "percent_covered_display": "100", "missing_lines": 0, "excluded_lines": 0, "num_branches": 0, "num_partial_branches": 0, "covered_branches": 0, "missing_branches": 0}, "missing_lines": [], "excluded_lines": [], "executed_branches": [], "missing_branches": [], "functions": {"": {"executed_lines": [], "summary": {"covered_lines": 0, "num_statements": 0, "percent_covered": 100.0, "percent_covered_display": "100", "missing_lines": 0, "excluded_lines": 0, "num_branches": 0, "num_partial_branches": 0, "covered_branches": 0, "missing_branches": 0}, "missing_lines": [], "excluded_lines": [], "executed_branches": [], "missing_branches": []}}, "classes": {"": {"executed_lines": [], "summary": {"covered_lines": 0, "num_statements": 0, "percent_covered": 100.0, "percent_covered_display": "100", "missing_lines": 0, "excluded_lines": 0, "num_branches": 0, "num_partial_branches": 0, "covered_branches": 0, "missing_branches": 0}, "missing_lines": [], "excluded_lines": [], "executed_branches": [], "missing_branches": []}}}, "src/main.py": {"executed_lines": [1, 2, 3, 4, 5, 7, 8, 9, 10, 12, 13, 14, 17, 18, 20, 21, 24, 25, 27, 28, 29, 30, 31, 34, 35, 38, 40, 42, 43, 44, 45, 47, 48, 49, 51, 52, 54, 59, 60, 61, 62, 63, 65, 67, 70, 72, 73, 88, 89, 92, 104, 105, 106, 107, 110, 118, 121, 123, 124, 125, 129, 131, 132, 135, 136, 139, 142, 144, 145, 148, 150, 151, 152, 157, 159, 162, 165, 166, 167, 169, 171, 172, 173, 176, 179, 181, 191, 193, 194, 197, 198, 199, 200, 201, 202, 203, 207, 210, 212, 213, 216, 217, 220, 222, 223, 225, 228, 230, 233, 234, 237, 240, 242, 243, 245, 246, 247, 248, 251, 252, 253, 255, 257, 260, 262, 264, 265, 267, 269, 272, 274, 275, 276, 279, 280, 283, 285, 286, 287, 288, 290, 292, 293, 294, 295, 297, 300, 302, 303, 305, 307, 308, 310, 312, 316, 319, 329, 330, 332, 333, 334, 335, 337, 338, 339, 340, 342, 343, 345, 346, 347, 348, 349, 351, 352, 353, 354, 360, 365, 388], "summary": {"covered_lines": 170, "num_statements": 228, "percent_covered": 71.47651006711409, "percent_covered_display": "71", "missing_lines": 58, "excluded_lines": 9, "num_branches": 70, "num_partial_branches": 21, "covered_branches": 43, "missing_branches": 27}, "missing_lines": [55, 57, 82, 83, 85, 93, 94, 102, 126, 133, 137, 153, 154, 160, 163, 168, 174, 182, 183, 184, 185, 186, 187, 188, 195, 204, 205, 214, 218, 231, 235, 249, 281, 313, 314, 320, 321, 322, 323, 324, 325, 326, 356, 357, 361, 362, 367, 368, 369, 373, 375, 377, 379, 380, 382, 383, 385, 389], "excluded_lines": [13, 52, 56, 62, 84, 107, 343, 349, 358], "executed_branches": [[47, 48], [54, 59], [59, 60], [59, 65], [92, 47], [124, 125], [132, 135], [136, 139], [159, 162], [162, 165], [167, 169], [173, 176], [181, -179], [194, 197], [198, 199], [198, 207], [201, 198], [201, 202], [213, 216], [217, 220], [230, 233], [234, 237], [246, 247], [246, 257], [248, 251], [252, 253], [264, 265], [264, 267], [275, 276], [275, 279], [280, 283], [285, 286], [285, 292], [293, 294], [293, 297], [312, 316], [338, 339], [338, 342], [345, -332], [345, 346], [351, 345], [351, 352], [388, -1]], "missing_branches": [[47, 104], [54, 55], [92, 93], [124, 126], [132, 133], [136, 137], [159, 160], [162, 163], [167, 168], [173, 174], [181, 182], [183, 184], [183, 185], [185, 186], [185, 187], [194, 195], [213, 214], [217, 218], [230, 231], [234, 235], [248, 249], [252, 255], [280, 281], [312, 313], [361, -360], [361, 362], [388, 389]], "functions": {"_scroll_and_load_listings": {"executed_lines": [40, 42, 43, 44, 45, 47, 48, 49, 51, 52, 54, 59, 60, 61, 62, 63, 65, 67, 70, 72, 73, 88, 89, 92, 104, 105, 106, 107, 110, 118], "summary": {"covered_lines": 27, "num_statements": 35, "percent_covered": 74.4186046511628, "percent_covered_display": "74", "missing_lines": 8, "excluded_lines": 5, "num_branches": 8, "num_partial_branches": 3, "covered_branches": 5, "missing_branches": 3}, "missing_lines": [55, 57, 82, 83, 85, 93, 94, 102], "excluded_lines": [52, 56, 62, 84, 107], "executed_branches": [[47, 48], [54, 59], [59, 60], [59, 65], [92, 47]], "missing_branches": [[47, 104], [54, 55], [92, 93]]}, "_parse_address": {"executed_lines": [123, 124, 125], "summary": {"covered_lines": 3, "num_statements": 4, "percent_covered": 66.66666666666667, "percent_covered_display": "67", "missing_lines": 1, "excluded_lines": 0, "num_branches": 2, "num_partial_branches": 1, "covered_branches": 1, "missing_branches": 1}, "missing_lines": [126], "excluded_lines": [], "executed_branches": [[124, 125]], "missing_branches": [[124, 126]]}, "_parse_main_link": {"executed_lines": [131, 132, 135, 136, 139], "summary": {"covered_lines": 5, "num_statements": 7, "percent_covered": 63.63636363636363, "percent_covered_display": "64", "missing_lines": 2, "excluded_lines": 0, "num_branches": 4, "num_partial_branches": 2, "covered_branches": 2, "missing_branches": 2}, "missing_lines": [133, 137], "excluded_lines": [], "executed_branches": [[132, 135], [136, 139]], "missing_branches": [[132, 133], [136, 137]]}, "_clean_price_text": {"executed_lines": [144, 145], "summary": {"covered_lines": 2, "num_statements": 2, "percent_covered": 100.0, "percent_covered_display": "100", "missing_lines": 0, "excluded_lines": 0, "num_branches": 0, "num_partial_branches": 0, "covered_branches": 0, "missing_branches": 0}, "missing_lines": [], "excluded_lines": [], "executed_branches": [], "missing_branches": []}, "_extract_numeric_price": {"executed_lines": [150, 151, 152], "summary": {"covered_lines": 3, "num_statements": 5, "percent_covered": 60.0, "percent_covered_display": "60", "missing_lines": 2, "excluded_lines": 0, "num_branches": 0, "num_partial_branches": 0, "covered_branches": 0, "missing_branches": 0}, "missing_lines": [153, 154], "excluded_lines": [], "executed_branches": [], "missing_branches": []}, "_format_price_range": {"executed_lines": [159, 162, 165, 166, 167, 169, 171, 172, 173, 176], "summary": {"covered_lines": 10, "num_statements": 14, "percent_covered": 63.63636363636363, "percent_covered_display": "64", "missing_lines": 4, "excluded_lines": 0, "num_branches": 8, "num_partial_branches": 4, "covered_branches": 4, "missing_branches": 4}, "missing_lines": [160, 163, 168, 174], "excluded_lines": [], "executed_branches": [[159, 162], [162, 165], [167, 169], [173, 176]], "missing_branches": [[159, 160], [162, 163], [167, 168], [173, 174]]}, "_validate_card_basics": {"executed_lines": [181], "summary": {"covered_lines": 1, "num_statements": 8, "percent_covered": 14.285714285714286, "percent_covered_display": "14", "missing_lines": 7, "excluded_lines": 0, "num_branches": 6, "num_partial_branches": 1, "covered_branches": 1, "missing_branches": 5}, "missing_lines": [182, 183, 184, 185, 186, 187, 188], "excluded_lines": [], "executed_branches": [[181, -179]], "missing_branches": [[181, 182], [183, 184], [183, 185], [185, 186], [185, 187]]}, "_extract_available_units_count": {"executed_lines": [193, 194, 197, 198, 199, 200, 201, 202, 203, 207], "summary": {"covered_lines": 10, "num_statements": 13, "percent_covered": 78.94736842105263, "percent_covered_display": "79", "missing_lines": 3, "excluded_lines": 0, "num_branches": 6, "num_partial_branches": 1, "covered_branches": 5, "missing_branches": 1}, "missing_lines": [195, 204, 205], "excluded_lines": [], "executed_branches": [[194, 197], [198, 199], [198, 207], [201, 198], [201, 202]], "missing_branches": [[194, 195]]}, "_extract_main_price": {"executed_lines": [212, 213, 216, 217, 220, 222, 223, 225], "summary": {"covered_lines": 8, "num_statements": 10, "percent_covered": 71.42857142857143, "percent_covered_display": "71", "missing_lines": 2, "excluded_lines": 0, "num_branches": 4, "num_partial_branches": 2, "covered_branches": 2,