{"coverage": 80.13468013468014, "raw_data": {"meta": {"format": 3, "version": "7.8.1", "timestamp": "2025-06-02T19:03:00.767572", "branch_coverage": true, "show_contexts": false}, "files": {"src/__init__.py": {"executed_lines": [], "summary": {"covered_lines": 0, "num_statements": 0, "percent_covered": 100.0, "percent_covered_display": "100", "missing_lines": 0, "excluded_lines": 0, "num_branches": 0, "num_partial_branches": 0, "covered_branches": 0, "missing_branches": 0}, "missing_lines": [], "excluded_lines": [], "executed_branches": [], "missing_branches": [], "functions": {"": {"executed_lines": [], "summary": {"covered_lines": 0, "num_statements": 0, "percent_covered": 100.0, "percent_covered_display": "100", "missing_lines": 0, "excluded_lines": 0, "num_branches": 0, "num_partial_branches": 0, "covered_branches": 0, "missing_branches": 0}, "missing_lines": [], "excluded_lines": [], "executed_branches": [], "missing_branches": []}}, "classes": {"": {"executed_lines": [], "summary": {"covered_lines": 0, "num_statements": 0, "percent_covered": 100.0, "percent_covered_display": "100", "missing_lines": 0, "excluded_lines": 0, "num_branches": 0, "num_partial_branches": 0, "covered_branches": 0, "missing_branches": 0}, "missing_lines": [], "excluded_lines": [], "executed_branches": [], "missing_branches": []}}}, "src/main.py": {"executed_lines": [1, 2, 3, 4, 5, 7, 8, 9, 10, 12, 13, 14, 17, 18, 20, 21, 24, 25, 27, 28, 29, 30, 31, 34, 35, 38, 40, 42, 43, 45, 46, 47, 49, 50, 52, 53, 54, 55, 57, 58, 59, 60, 61, 63, 65, 68, 70, 71, 86, 87, 90, 91, 92, 93, 101, 103, 104, 105, 106, 109, 117, 120, 122, 123, 124, 125, 128, 130, 131, 134, 135, 138, 141, 143, 144, 147, 149, 150, 151, 156, 158, 161, 164, 165, 166, 168, 170, 171, 172, 175, 178, 180, 181, 182, 183, 184, 185, 186, 187, 190, 192, 193, 194, 196, 197, 198, 199, 200, 201, 202, 206, 209, 211, 212, 215, 216, 219, 221, 222, 224, 227, 229, 232, 233, 236, 239, 241, 242, 244, 245, 246, 247, 250, 251, 252, 254, 256, 259, 261, 263, 264, 266, 268, 271, 273, 274, 275, 278, 279, 282, 284, 285, 286, 287, 289, 291, 292, 293, 294, 296, 299, 301, 302, 304, 306, 307, 309, 311, 315, 318, 328, 329, 331, 332, 333, 334, 336, 337, 338, 339, 341, 342, 344, 345, 346, 347, 348, 350, 351, 352, 353, 355, 356, 357, 359, 364, 387], "summary": {"covered_lines": 185, "num_statements": 227, "percent_covered": 80.13468013468014, "percent_covered_display": "80", "missing_lines": 42, "excluded_lines": 9, "num_branches": 70, "num_partial_branches": 15, "covered_branches": 53, "missing_branches": 17}, "missing_lines": [80, 81, 83, 132, 136, 152, 153, 159, 162, 167, 173, 203, 204, 213, 217, 230, 234, 248, 280, 312, 313, 319, 320, 321, 322, 323, 324, 325, 360, 361, 366, 367, 368, 372, 374, 376, 378, 379, 381, 382, 384, 388], "excluded_lines": [13, 50, 54, 60, 82, 106, 342, 348, 357], "executed_branches": [[45, 46], [45, 103], [52, 53], [52, 57], [57, 58], [57, 63], [91, 45], [91, 92], [123, 124], [123, 125], [131, 134], [135, 138], [158, 161], [161, 164], [166, 168], [172, 175], [180, -178], [180, 181], [182, 183], [182, 184], [184, 185], [184, 186], [193, 194], [193, 196], [197, 198], [197, 206], [200, 197], [200, 201], [212, 215], [216, 219], [229, 232], [233, 236], [245, 246], [245, 256], [247, 250], [251, 252], [263, 264], [263, 266], [274, 275], [274, 278], [279, 282], [284, 285], [284, 291], [292, 293], [292, 296], [311, 315], [337, 338], [337, 341], [344, -331], [344, 345], [350, 344], [350, 351], [387, -1]], "missing_branches": [[131, 132], [135, 136], [158, 159], [161, 162], [166, 167], [172, 173], [212, 213], [216, 217], [229, 230], [233, 234], [247, 248], [251, 254], [279, 280], [311, 312], [360, -359], [360, 361], [387, 388]], "functions": {"_scroll_and_load_listings": {"executed_lines": [40, 42, 43, 45, 46, 47, 49, 50, 52, 53, 54, 55, 57, 58, 59, 60, 61, 63, 65, 68, 70, 71, 86, 87, 90, 91, 92, 93, 101, 103, 104, 105, 106, 109, 117], "summary": {"covered_lines": 31, "num_statements": 34, "percent_covered": 92.85714285714286, "percent_covered_display": "93", "missing_lines": 3, "excluded_lines": 5, "num_branches": 8, "num_partial_branches": 0, "covered_branches": 8, "missing_branches": 0}, "missing_lines": [80, 81, 83], "excluded_lines": [50, 54, 60, 82, 106], "executed_branches": [[45, 46], [45, 103], [52, 53], [52, 57], [57, 58], [57, 63], [91, 45], [91, 92]], "missing_branches": []}, "_parse_address": {"executed_lines": [122, 123, 124, 125], "summary": {"covered_lines": 4, "num_statements": 4, "percent_covered": 100.0, "percent_covered_display": "100", "missing_lines": 0, "excluded_lines": 0, "num_branches": 2, "num_partial_branches": 0, "covered_branches": 2, "missing_branches": 0}, "missing_lines": [], "excluded_lines": [], "executed_branches": [[123, 124], [123, 125]], "missing_branches": []}, "_parse_main_link": {"executed_lines": [130, 131, 134, 135, 138], "summary": {"covered_lines": 5, "num_statements": 7, "percent_covered": 63.63636363636363, "percent_covered_display": "64", "missing_lines": 2, "excluded_lines": 0, "num_branches": 4, "num_partial_branches": 2, "covered_branches": 2, "missing_branches": 2}, "missing_lines": [132, 136], "excluded_lines": [], "executed_branches": [[131, 134], [135, 138]], "missing_branches": [[131, 132], [135, 136]]}, "_clean_price_text": {"executed_lines": [143, 144], "summary": {"covered_lines": 2, "num_statements": 2, "percent_covered": 100.0, "percent_covered_display": "100", "missing_lines": 0, "excluded_lines": 0, "num_branches": 0, "num_partial_branches": 0, "covered_branches": 0, "missing_branches": 0}, "missing_lines": [], "excluded_lines": [], "executed_branches": [], "missing_branches": []}, "_extract_numeric_price": {"executed_lines": [149, 150, 151], "summary": {"covered_lines": 3, "num_statements": 5, "percent_covered": 60.0, "percent_covered_display": "60", "missing_lines": 2, "excluded_lines": 0, "num_branches": 0, "num_partial_branches": 0, "covered_branches": 0, "missing_branches": 0}, "missing_lines": [152, 153], "excluded_lines": [], "executed_branches": [], "missing_branches": []}, "_format_price_range": {"executed_lines": [158, 161, 164, 165, 166, 168, 170, 171, 172, 175], "summary": {"covered_lines": 10, "num_statements": 14, "percent_covered": 63.63636363636363, "percent_covered_display": "64", "missing_lines": 4, "excluded_lines": 0, "num_branches": 8, "num_partial_branches": 4, "covered_branches": 4, "missing_branches": 4}, "missing_lines": [159, 162, 167, 173], "excluded_lines": [], "executed_branches": [[158, 161], [161, 164], [166, 168], [172, 175]], "missing_branches": [[158, 159], [161, 162], [166, 167], [172, 173]]}, "_validate_card_basics": {"executed_lines": [180, 181, 182, 183, 184, 185, 186, 187], "summary": {"covered_lines": 8, "num_statements": 8, "percent_covered": 100.0, "percent_covered_display": "100", "missing_lines": 0, "excluded_lines": 0, "num_branches": 6, "num_partial_branches": 0, "covered_branches": 6, "missing_branches": 0}, "missing_lines": [], "excluded_lines": [], "executed_branches": [[180, -178], [180, 181], [182, 183], [182, 184], [184, 185], [184, 186]], "missing_branches": []}, "_extract_available_units_count": {"executed_lines": [192, 193, 194, 196, 197, 198, 199, 200, 201, 202, 206], "summary": {"covered_lines": 11, "num_statements": 13, "percent_covered": 89.47368421052632, "percent_covered_display": "89", "missing_lines": 2, "excluded_lines": 0, "num_branches": 6, "num_partial_branches": 0, "covered_branches": 6, "missing_branches": 0}, "missing_lines": [203, 204], "excluded_lines": [], "executed_branches": [[193, 194], [193, 196], [197, 198], [197, 206], [200, 197], [200, 201]], "missing_branches": []}, "_extract_main_price": {"executed_lines": [211, 212, 215, 216, 219, 221, 222, 224], "summary": {"covered_lines": 8, "num_statements": 10, "percent_covered": 71.42857142857143, "percent_covered_display": "71", "missing_lines": 2, "excluded_lines": 0, "num_branches": 4, "num_partial_branches": 2, "covered_branches": 2,