{"coverage": 72.63513513513513, "raw_data": {"meta": {"format": 3, "version": "7.8.1", "timestamp": "2025-06-02T14:29:01.387004", "branch_coverage": true, "show_contexts": false}, "files": {"src/__init__.py": {"executed_lines": [], "summary": {"covered_lines": 0, "num_statements": 0, "percent_covered": 100.0, "percent_covered_display": "100", "missing_lines": 0, "excluded_lines": 0, "num_branches": 0, "num_partial_branches": 0, "covered_branches": 0, "missing_branches": 0}, "missing_lines": [], "excluded_lines": [], "executed_branches": [], "missing_branches": [], "functions": {"": {"executed_lines": [], "summary": {"covered_lines": 0, "num_statements": 0, "percent_covered": 100.0, "percent_covered_display": "100", "missing_lines": 0, "excluded_lines": 0, "num_branches": 0, "num_partial_branches": 0, "covered_branches": 0, "missing_branches": 0}, "missing_lines": [], "excluded_lines": [], "executed_branches": [], "missing_branches": []}}, "classes": {"": {"executed_lines": [], "summary": {"covered_lines": 0, "num_statements": 0, "percent_covered": 100.0, "percent_covered_display": "100", "missing_lines": 0, "excluded_lines": 0, "num_branches": 0, "num_partial_branches": 0, "covered_branches": 0, "missing_branches": 0}, "missing_lines": [], "excluded_lines": [], "executed_branches": [], "missing_branches": []}}}, "src/main.py": {"executed_lines": [1, 2, 3, 4, 5, 7, 8, 9, 10, 12, 13, 14, 17, 18, 20, 21, 24, 25, 27, 28, 29, 30, 31, 34, 35, 38, 40, 42, 43, 45, 46, 47, 49, 50, 52, 53, 54, 55, 57, 58, 59, 60, 61, 63, 65, 68, 70, 71, 86, 87, 90, 102, 103, 104, 105, 108, 116, 119, 121, 122, 123, 127, 129, 130, 133, 134, 137, 140, 142, 143, 146, 148, 149, 150, 155, 157, 160, 163, 164, 165, 167, 169, 170, 171, 174, 177, 179, 189, 191, 192, 195, 196, 197, 198, 199, 200, 201, 205, 208, 210, 211, 214, 215, 218, 220, 221, 223, 226, 228, 231, 232, 235, 238, 240, 241, 243, 244, 245, 246, 249, 250, 251, 253, 255, 258, 260, 262, 263, 265, 267, 270, 272, 273, 274, 277, 278, 281, 283, 284, 285, 286, 288, 290, 291, 292, 293, 295, 298, 300, 301, 303, 305, 306, 308, 310, 314, 317, 327, 328, 330, 331, 332, 333, 335, 336, 337, 338, 340, 341, 343, 344, 345, 346, 347, 349, 350, 351, 352, 358, 363, 386], "summary": {"covered_lines": 170, "num_statements": 226, "percent_covered": 72.63513513513513, "percent_covered_display": "73", "missing_lines": 56, "excluded_lines": 9, "num_branches": 70, "num_partial_branches": 19, "covered_branches": 45, "missing_branches": 25}, "missing_lines": [80, 81, 83, 91, 92, 100, 124, 131, 135, 151, 152, 158, 161, 166, 172, 180, 181, 182, 183, 184, 185, 186, 193, 202, 203, 212, 216, 229, 233, 247, 279, 311, 312, 318, 319, 320, 321, 322, 323, 324, 354, 355, 359, 360, 365, 366, 367, 371, 373, 375, 377, 378, 380, 381, 383, 387], "excluded_lines": [13, 50, 54, 60, 82, 105, 341, 347, 356], "executed_branches": [[45, 46], [45, 102], [52, 53], [52, 57], [57, 58], [57, 63], [90, 45], [122, 123], [130, 133], [134, 137], [157, 160], [160, 163], [165, 167], [171, 174], [179, -177], [192, 195], [196, 197], [196, 205], [199, 196], [199, 200], [211, 214], [215, 218], [228, 231], [232, 235], [244, 245], [244, 255], [246, 249], [250, 251], [262, 263], [262, 265], [273, 274], [273, 277], [278, 281], [283, 284], [283, 290], [291, 292], [291, 295], [310, 314], [336, 337], [336, 340], [343, -330], [343, 344], [349, 343], [349, 350], [386, -1]], "missing_branches": [[90, 91], [122, 124], [130, 131], [134, 135], [157, 158], [160, 161], [165, 166], [171, 172], [179, 180], [181, 182], [181, 183], [183, 184], [183, 185], [192, 193], [211, 212], [215, 216], [228, 229], [232, 233], [246, 247], [250, 253], [278, 279], [310, 311], [359, -358], [359, 360], [386, 387]], "functions": {"_scroll_and_load_listings": {"executed_lines": [40, 42, 43, 45, 46, 47, 49, 50, 52, 53, 54, 55, 57, 58, 59, 60, 61, 63, 65, 68, 70, 71, 86, 87, 90, 102, 103, 104, 105, 108, 116], "summary": {"covered_lines": 27, "num_statements": 33, "percent_covered": 82.92682926829268, "percent_covered_display": "83", "missing_lines": 6, "excluded_lines": 5, "num_branches": 8, "num_partial_branches": 1, "covered_branches": 7, "missing_branches": 1}, "missing_lines": [80, 81, 83, 91, 92, 100], "excluded_lines": [50, 54, 60, 82, 105], "executed_branches": [[45, 46], [45, 102], [52, 53], [52, 57], [57, 58], [57, 63], [90, 45]], "missing_branches": [[90, 91]]}, "_parse_address": {"executed_lines": [121, 122, 123], "summary": {"covered_lines": 3, "num_statements": 4, "percent_covered": 66.66666666666667, "percent_covered_display": "67", "missing_lines": 1, "excluded_lines": 0, "num_branches": 2, "num_partial_branches": 1, "covered_branches": 1, "missing_branches": 1}, "missing_lines": [124], "excluded_lines": [], "executed_branches": [[122, 123]], "missing_branches": [[122, 124]]}, "_parse_main_link": {"executed_lines": [129, 130, 133, 134, 137], "summary": {"covered_lines": 5, "num_statements": 7, "percent_covered": 63.63636363636363, "percent_covered_display": "64", "missing_lines": 2, "excluded_lines": 0, "num_branches": 4, "num_partial_branches": 2, "covered_branches": 2, "missing_branches": 2}, "missing_lines": [131, 135], "excluded_lines": [], "executed_branches": [[130, 133], [134, 137]], "missing_branches": [[130, 131], [134, 135]]}, "_clean_price_text": {"executed_lines": [142, 143], "summary": {"covered_lines": 2, "num_statements": 2, "percent_covered": 100.0, "percent_covered_display": "100", "missing_lines": 0, "excluded_lines": 0, "num_branches": 0, "num_partial_branches": 0, "covered_branches": 0, "missing_branches": 0}, "missing_lines": [], "excluded_lines": [], "executed_branches": [], "missing_branches": []}, "_extract_numeric_price": {"executed_lines": [148, 149, 150], "summary": {"covered_lines": 3, "num_statements": 5, "percent_covered": 60.0, "percent_covered_display": "60", "missing_lines": 2, "excluded_lines": 0, "num_branches": 0, "num_partial_branches": 0, "covered_branches": 0, "missing_branches": 0}, "missing_lines": [151, 152], "excluded_lines": [], "executed_branches": [], "missing_branches": []}, "_format_price_range": {"executed_lines": [157, 160, 163, 164, 165, 167, 169, 170, 171, 174], "summary": {"covered_lines": 10, "num_statements": 14, "percent_covered": 63.63636363636363, "percent_covered_display": "64", "missing_lines": 4, "excluded_lines": 0, "num_branches": 8, "num_partial_branches": 4, "covered_branches": 4, "missing_branches": 4}, "missing_lines": [158, 161, 166, 172], "excluded_lines": [], "executed_branches": [[157, 160], [160, 163], [165, 167], [171, 174]], "missing_branches": [[157, 158], [160, 161], [165, 166], [171, 172]]}, "_validate_card_basics": {"executed_lines": [179], "summary": {"covered_lines": 1, "num_statements": 8, "percent_covered": 14.285714285714286, "percent_covered_display": "14", "missing_lines": 7, "excluded_lines": 0, "num_branches": 6, "num_partial_branches": 1, "covered_branches": 1, "missing_branches": 5}, "missing_lines": [180, 181, 182, 183, 184, 185, 186], "excluded_lines": [], "executed_branches": [[179, -177]], "missing_branches": [[179, 180], [181, 182], [181, 183], [183, 184], [183, 185]]}, "_extract_available_units_count": {"executed_lines": [191, 192, 195, 196, 197, 198, 199, 200, 201, 205], "summary": {"covered_lines": 10, "num_statements": 13, "percent_covered": 78.94736842105263, "percent_covered_display": "79", "missing_lines": 3, "excluded_lines": 0, "num_branches": 6, "num_partial_branches": 1, "covered_branches": 5, "missing_branches": 1}, "missing_lines": [193, 202, 203], "excluded_lines": [], "executed_branches": [[192, 195], [196, 197], [196, 205], [199, 196], [199, 200]], "missing_branches": [[192, 193]]}, "_extract_main_price": {"executed_lines": [210, 211, 214, 215, 218, 220, 221, 223], "summary": {"covered_lines": 8, "num_statements": 10, "percent_covered": 71.42857142857143, "percent_covered_display": "71", "missing_lines": 2, "excluded_lines": 0, "num_branches": 4, "num_partial_branches": 2, "covered_branches": 2,