{"coverage": 83.54430379746836, "raw_data": {"meta": {"format": 3, "version": "7.8.1", "timestamp": "2025-06-02T20:29:19.184437", "branch_coverage": true, "show_contexts": false}, "files": {"src/__init__.py": {"executed_lines": [], "summary": {"covered_lines": 0, "num_statements": 0, "percent_covered": 100.0, "percent_covered_display": "100", "missing_lines": 0, "excluded_lines": 0, "num_branches": 0, "num_partial_branches": 0, "covered_branches": 0, "missing_branches": 0}, "missing_lines": [], "excluded_lines": [], "executed_branches": [], "missing_branches": [], "functions": {"": {"executed_lines": [], "summary": {"covered_lines": 0, "num_statements": 0, "percent_covered": 100.0, "percent_covered_display": "100", "missing_lines": 0, "excluded_lines": 0, "num_branches": 0, "num_partial_branches": 0, "covered_branches": 0, "missing_branches": 0}, "missing_lines": [], "excluded_lines": [], "executed_branches": [], "missing_branches": []}}, "classes": {"": {"executed_lines": [], "summary": {"covered_lines": 0, "num_statements": 0, "percent_covered": 100.0, "percent_covered_display": "100", "missing_lines": 0, "excluded_lines": 0, "num_branches": 0, "num_partial_branches": 0, "covered_branches": 0, "missing_branches": 0}, "missing_lines": [], "excluded_lines": [], "executed_branches": [], "missing_branches": []}}}, "src/main.py": {"executed_lines": [1, 2, 3, 4, 5, 7, 8, 9, 10, 12, 13, 14, 17, 18, 20, 21, 24, 25, 27, 28, 29, 30, 31, 34, 35, 38, 40, 42, 43, 45, 46, 47, 49, 50, 52, 53, 54, 55, 58, 59, 61, 71, 72, 73, 74, 76, 77, 78, 79, 80, 82, 84, 87, 89, 90, 100, 101, 104, 105, 106, 107, 108, 117, 119, 120, 121, 122, 125, 133, 136, 138, 139, 140, 141, 144, 146, 147, 150, 151, 154, 157, 159, 160, 161, 162, 163, 164, 165, 168, 170, 171, 172, 173, 174, 177, 179, 180, 182, 183, 185, 186, 187, 188, 189, 191, 192, 193, 194, 196, 199, 201, 202, 203, 204, 205, 206, 207, 208, 211, 213, 214, 215, 217, 218, 219, 220, 221, 222, 223, 227, 230, 232, 233, 236, 237, 240, 242, 243, 245, 248, 250, 253, 254, 257, 260, 262, 263, 265, 266, 267, 268, 271, 272, 273, 275, 277, 280, 282, 284, 285, 287, 289, 292, 294, 295, 296, 299, 300, 303, 305, 306, 307, 308, 310, 312, 313, 314, 315, 317, 320, 322, 323, 325, 327, 328, 330, 332, 336, 339, 349, 350, 352, 353, 354, 355, 357, 358, 359, 360, 362, 363, 365, 366, 367, 368, 369, 371, 372, 373, 374, 376, 377, 378, 380, 385, 408], "summary": {"covered_lines": 203, "num_statements": 242, "percent_covered": 83.54430379746836, "percent_covered_display": "84", "missing_lines": 39, "excluded_lines": 11, "num_branches": 74, "num_partial_branches": 11, "covered_branches": 61, "missing_branches": 13}, "missing_lines": [94, 95, 97, 112, 113, 115, 148, 152, 224, 225, 234, 238, 251, 255, 269, 301, 333, 334, 340, 341, 342, 343, 344, 345, 346, 381, 382, 387, 388, 389, 393, 395, 397, 399, 400, 402, 403, 405, 409], "excluded_lines": [13, 50, 54, 73, 79, 96, 114, 122, 363, 369, 378], "executed_branches": [[45, 46], [45, 119], [52, 53], [52, 58], [59, 61], [59, 76], [71, 72], [71, 76], [76, 77], [76, 82], [105, 45], [105, 106], [139, 140], [139, 141], [147, 150], [151, 154], [179, 180], [179, 182], [182, 183], [182, 185], [187, 188], [187, 189], [193, 194], [193, 196], [201, -199], [201, 202], [203, 204], [203, 205], [205, 206], [205, 207], [214, 215], [214, 217], [218, 219], [218, 227], [221, 218], [221, 222], [233, 236], [237, 240], [250, 253], [254, 257], [266, 267], [266, 277], [268, 271], [272, 273], [284, 285], [284, 287], [295, 296], [295, 299], [300, 303], [305, 306], [305, 312], [313, 314], [313, 317], [332, 336], [358, 359], [358, 362], [365, -352], [365, 366], [371, 365], [371, 372], [408, -1]], "missing_branches": [[147, 148], [151, 152], [233, 234], [237, 238], [250, 251], [254, 255], [268, 269], [272, 275], [300, 301], [332, 333], [381, -380], [381, 382], [408, 409]], "functions": {"_scroll_and_load_listings": {"executed_lines": [40, 42, 43, 45, 46, 47, 49, 50, 52, 53, 54, 55, 58, 59, 61, 71, 72, 73, 74, 76, 77, 78, 79, 80, 82, 84, 87, 89, 90, 100, 101, 104, 105, 106, 107, 108, 117, 119, 120, 121, 122, 125, 133], "summary": {"covered_lines": 38, "num_statements": 44, "percent_covered": 89.28571428571429, "percent_covered_display": "89", "missing_lines": 6, "excluded_lines": 7, "num_branches": 12, "num_partial_branches": 0, "covered_branches": 12, "missing_branches": 0}, "missing_lines": [94, 95, 97, 112, 113, 115], "excluded_lines": [50, 54, 73, 79, 96, 114, 122], "executed_branches": [[45, 46], [45, 119], [52, 53], [52, 58], [59, 61], [59, 76], [71, 72], [71, 76], [76, 77], [76, 82], [105, 45], [105, 106]], "missing_branches": []}, "_parse_address": {"executed_lines": [138, 139, 140, 141], "summary": {"covered_lines": 4, "num_statements": 4, "percent_covered": 100.0, "percent_covered_display": "100", "missing_lines": 0, "excluded_lines": 0, "num_branches": 2, "num_partial_branches": 0, "covered_branches": 2, "missing_branches": 0}, "missing_lines": [], "excluded_lines": [], "executed_branches": [[139, 140], [139, 141]], "missing_branches": []}, "_parse_main_link": {"executed_lines": [146, 147, 150, 151, 154], "summary": {"covered_lines": 5, "num_statements": 7, "percent_covered": 63.63636363636363, "percent_covered_display": "64", "missing_lines": 2, "excluded_lines": 0, "num_branches": 4, "num_partial_branches": 2, "covered_branches": 2, "missing_branches": 2}, "missing_lines": [148, 152], "excluded_lines": [], "executed_branches": [[147, 150], [151, 154]], "missing_branches": [[147, 148], [151, 152]]}, "_clean_price_text": {"executed_lines": [159, 160, 161, 162, 163, 164, 165], "summary": {"covered_lines": 7, "num_statements": 7, "percent_covered": 100.0, "percent_covered_display": "100", "missing_lines": 0, "excluded_lines": 0, "num_branches": 0, "num_partial_branches": 0, "covered_branches": 0, "missing_branches": 0}, "missing_lines": [], "excluded_lines": [], "executed_branches": [], "missing_branches": []}, "_extract_numeric_price": {"executed_lines": [170, 171, 172, 173, 174], "summary": {"covered_lines": 5, "num_statements": 5, "percent_covered": 100.0, "percent_covered_display": "100", "missing_lines": 0, "excluded_lines": 0, "num_branches": 0, "num_partial_branches": 0, "covered_branches": 0, "missing_branches": 0}, "missing_lines": [], "excluded_lines": [], "executed_branches": [], "missing_branches": []}, "_format_price_range": {"executed_lines": [179, 180, 182, 183, 185, 186, 187, 188, 189, 191, 192, 193, 194, 196], "summary": {"covered_lines": 14, "num_statements": 14, "percent_covered": 100.0, "percent_covered_display": "100", "missing_lines": 0, "excluded_lines": 0, "num_branches": 8, "num_partial_branches": 0, "covered_branches": 8, "missing_branches": 0}, "missing_lines": [], "excluded_lines": [], "executed_branches": [[179, 180], [179, 182], [182, 183], [182, 185], [187, 188], [187, 189], [193, 194], [193, 196]], "missing_branches": []}, "_validate_card_basics": {"executed_lines": [201, 202, 203, 204, 205, 206, 207, 208], "summary": {"covered_lines": 8, "num_statements": 8, "percent_covered": 100.0, "percent_covered_display": "100", "missing_lines": 0, "excluded_lines": 0, "num_branches": 6, "num_partial_branches": 0, "covered_branches": 6, "missing_branches": 0}, "missing_lines": [], "excluded_lines": [], "executed_branches": [[201, -199], [201, 202], [203, 204], [203, 205], [205, 206], [205, 207]], "missing_branches": []}, "_extract_available_units_count": {"executed_lines": [213, 214, 215, 217, 218, 219, 220, 221, 222, 223, 227], "summary": {"covered_lines": 11, "num_statements": 13, "percent_covered": 89.47368421052632, "percent_covered_display": "89", "missing_lines": 2, "excluded_lines": 0, "num_branches": 6, "num_partial_branches": 0, "covered_branches": 6, "missing_branches": 0}, "missing_lines": [224, 225], "excluded_lines": [], "executed_branches": [[214, 215], [214, 217], [218, 219], [218, 227], [221, 218], [221, 222]], "missing_branches": []},